,daily_efficiency,number_of_tasks,avg_task_score,total_tasks_completed,completion_ratio
count,8.0,8.0,8.0,8.0,8.0
mean,0.79875,3.375,0.7915625000000001,8.725,0.7714530414438503
std,0.09264949309860562,0.5175491695067657,0.09479660505189562,3.338840688451179,0.06051477696464305
min,0.6,3.0,0.5825,4.8,0.6666666666666666
25%,0.7575000000000001,3.0,0.7568750000000001,6.5,0.7568627450980392
50%,0.85,3.0,0.845,7.25,0.7647058823529411
75%,0.86,4.0,0.8500000000000001,11.375,0.7918198529411764
max,0.86,4.0,0.8525,14.0,0.8727272727272727
