,daily_efficiency,number_of_tasks,avg_task_score,total_tasks_completed,completion_ratio
count,100.0,100.0,100.0,100.0,100.0
mean,1.03281,4.94,0.7024512619047618,11.853399999999999,0.8641183337179337
std,0.188619744406035,1.4758664635331402,0.1411029747317113,5.491895262635438,0.17738395689002953
min,0.656,3.0,0.44225000000000003,3.8,0.4358452138492871
25%,0.888,4.0,0.5912,7.19,0.7336268134335294
50%,0.999,5.0,0.6947916666666667,10.799999999999999,0.8384333306884004
75%,1.12975,6.0,0.7813303571428571,14.8675,0.9835598904326697
max,1.503,8.0,1.0637500000000002,28.54,1.3014101057579317
